{
  "__inputs": [
    {
      "name": "DS_HEAPSTER",
      "label": "heapster",
      "description": "",
      "type": "datasource",
      "pluginId": "influxdb",
      "pluginName": "InfluxDB"
    }
  ],
  "__requires": [
    {
      "type": "grafana",
      "id": "grafana",
      "name": "Grafana",
      "version": "4.6.0"
    },
    {
      "type": "panel",
      "id": "graph",
      "name": "Graph",
      "version": ""
    },
    {
      "type": "datasource",
      "id": "influxdb",
      "name": "InfluxDB",
      "version": "1.0.0"
    },
    {
      "type": "panel",
      "id": "singlestat",
      "name": "Singlestat",
      "version": ""
    }
  ],
  "annotations": {
    "list": [
      {
        "builtIn": 1,
        "datasource": "-- Grafana --",
        "enable": true,
        "hide": true,
        "iconColor": "rgba(0, 211, 255, 1)",
        "name": "Annotations & Alerts",
        "type": "dashboard"
      }
    ]
  },
  "editable": true,
  "gnetId": 3649,
  "graphTooltip": 0,
  "hideControls": false,
  "id": null,
  "links": [],
  "refresh": false,
  "rows": [
    {
      "collapse": false,
      "height": "180",
      "panels": [
        {
          "cacheTimeout": null,
          "colorBackground": false,
          "colorValue": false,
          "colors": [
            "rgba(245, 54, 54, 0.9)",
            "rgba(237, 129, 40, 0.89)",
            "rgba(50, 172, 45, 0.97)"
          ],
          "datasource": "${DS_HEAPSTER}",
          "format": "ms",
          "gauge": {
            "maxValue": 100,
            "minValue": 0,
            "show": false,
            "thresholdLabels": false,
            "thresholdMarkers": true
          },
          "id": 6,
          "interval": null,
          "links": [],
          "mappingType": 1,
          "mappingTypes": [
            {
              "name": "value to text",
              "value": 1
            },
            {
              "name": "range to text",
              "value": 2
            }
          ],
          "maxDataPoints": 100,
          "nullPointMode": "connected",
          "nullText": null,
          "postfix": "",
          "postfixFontSize": "50%",
          "prefix": "",
          "prefixFontSize": "50%",
          "rangeMaps": [
            {
              "from": "null",
              "text": "N/A",
              "to": "null"
            }
          ],
          "span": 2,
          "sparkline": {
            "fillColor": "rgba(31, 118, 189, 0.18)",
            "full": false,
            "lineColor": "rgb(31, 120, 193)",
            "show": false
          },
          "tableColumn": "",
          "targets": [
            {
              "dsType": "influxdb",
              "groupBy": [
                {
                  "params": [
                    "$__interval"
                  ],
                  "type": "time"
                },
                {
                  "params": [
                    "null"
                  ],
                  "type": "fill"
                }
              ],
              "measurement": "uptime",
              "orderByTime": "ASC",
              "policy": "default",
              "refId": "A",
              "resultFormat": "time_series",
              "select": [
                [
                  {
                    "params": [
                      "value"
                    ],
                    "type": "field"
                  },
                  {
                    "params": [],
                    "type": "mean"
                  }
                ]
              ],
              "tags": [
                {
                  "key": "type",
                  "operator": "=",
                  "value": "pod"
                },
                {
                  "condition": "AND",
                  "key": "namespace_name",
                  "operator": "=~",
                  "value": "/^$ns$/"
                },
                {
                  "condition": "AND",
                  "key": "pod_name",
                  "operator": "=~",
                  "value": "/^$name/"
                }
              ]
            }
          ],
          "thresholds": "",
          "title": "Uptime",
          "type": "singlestat",
          "valueFontSize": "80%",
          "valueMaps": [
            {
              "op": "=",
              "text": "N/A",
              "value": "null"
            }
          ],
          "valueName": "current"
        },
        {
          "cacheTimeout": null,
          "colorBackground": false,
          "colorValue": false,
          "colors": [
            "rgba(50, 172, 45, 0.97)",
            "rgba(237, 129, 40, 0.89)",
            "rgba(245, 54, 54, 0.9)"
          ],
          "datasource": "${DS_HEAPSTER}",
          "decimals": 0,
          "format": "none",
          "gauge": {
            "maxValue": 1000,
            "minValue": 0,
            "show": true,
            "thresholdLabels": false,
            "thresholdMarkers": true
          },
          "id": 11,
          "interval": null,
          "links": [],
          "mappingType": 1,
          "mappingTypes": [
            {
              "name": "value to text",
              "value": 1
            },
            {
              "name": "range to text",
              "value": 2
            }
          ],
          "maxDataPoints": 100,
          "nullPointMode": "connected",
          "nullText": null,
          "postfix": "",
          "postfixFontSize": "50%",
          "prefix": "",
          "prefixFontSize": "50%",
          "rangeMaps": [
            {
              "from": "null",
              "text": "N/A",
              "to": "null"
            }
          ],
          "span": 2,
          "sparkline": {
            "fillColor": "rgba(31, 118, 189, 0.18)",
            "full": false,
            "lineColor": "rgb(31, 120, 193)",
            "show": true
          },
          "tableColumn": "",
          "targets": [
            {
              "dsType": "influxdb",
              "groupBy": [
                {
                  "params": [
                    "$__interval"
                  ],
                  "type": "time"
                },
                {
                  "params": [
                    "null"
                  ],
                  "type": "fill"
                }
              ],
              "measurement": "cpu/usage_rate",
              "orderByTime": "ASC",
              "policy": "default",
              "refId": "A",
              "resultFormat": "time_series",
              "select": [
                [
                  {
                    "params": [
                      "value"
                    ],
                    "type": "field"
                  },
                  {
                    "params": [],
                    "type": "mean"
                  }
                ]
              ],
              "tags": [
                {
                  "key": "type",
                  "operator": "=",
                  "value": "pod"
                },
                {
                  "condition": "AND",
                  "key": "namespace_name",
                  "operator": "=~",
                  "value": "/^$ns$/"
                },
                {
                  "condition": "AND",
                  "key": "pod_name",
                  "operator": "=~",
                  "value": "/^$name/"
                }
              ]
            }
          ],
          "thresholds": "100,500",
          "title": "CPU Usage Rate",
          "type": "singlestat",
          "valueFontSize": "100%",
          "valueMaps": [
            {
              "op": "=",
              "text": "N/A",
              "value": "null"
            }
          ],
          "valueName": "current"
        },
        {
          "cacheTimeout": null,
          "colorBackground": false,
          "colorValue": false,
          "colors": [
            "rgba(50, 172, 45, 0.97)",
            "rgba(237, 129, 40, 0.89)",
            "rgba(245, 54, 54, 0.9)"
          ],
          "datasource": "${DS_HEAPSTER}",
          "format": "decbytes",
          "gauge": {
            "maxValue": 100,
            "minValue": 0,
            "show": false,
            "thresholdLabels": false,
            "thresholdMarkers": true
          },
          "id": 13,
          "interval": null,
          "links": [],
          "mappingType": 1,
          "mappingTypes": [
            {
              "name": "value to text",
              "value": 1
            },
            {
              "name": "range to text",
              "value": 2
            }
          ],
          "maxDataPoints": 100,
          "nullPointMode": "connected",
          "nullText": null,
          "postfix": "",
          "postfixFontSize": "50%",
          "prefix": "",
          "prefixFontSize": "50%",
          "rangeMaps": [
            {
              "from": "null",
              "text": "N/A",
              "to": "null"
            }
          ],
          "span": 2,
          "sparkline": {
            "fillColor": "rgba(31, 118, 189, 0.18)",
            "full": false,
            "lineColor": "rgb(31, 120, 193)",
            "show": true
          },
          "tableColumn": "",
          "targets": [
            {
              "dsType": "influxdb",
              "groupBy": [
                {
                  "params": [
                    "$__interval"
                  ],
                  "type": "time"
                },
                {
                  "params": [
                    "null"
                  ],
                  "type": "fill"
                }
              ],
              "measurement": "memory/usage",
              "orderByTime": "ASC",
              "policy": "default",
              "refId": "A",
              "resultFormat": "time_series",
              "select": [
                [
                  {
                    "params": [
                      "value"
                    ],
                    "type": "field"
                  },
                  {
                    "params": [],
                    "type": "mean"
                  }
                ]
              ],
              "tags": [
                {
                  "key": "type",
                  "operator": "=",
                  "value": "pod"
                },
                {
                  "condition": "AND",
                  "key": "namespace_name",
                  "operator": "=~",
                  "value": "/^$ns$/"
                },
                {
                  "condition": "AND",
                  "key": "pod_name",
                  "operator": "=~",
                  "value": "/^$name/"
                }
              ]
            }
          ],
          "thresholds": "",
          "title": "Memory Usage",
          "type": "singlestat",
          "valueFontSize": "80%",
          "valueMaps": [
            {
              "op": "=",
              "text": "N/A",
              "value": "null"
            }
          ],
          "valueName": "current"
        },
        {
          "cacheTimeout": null,
          "colorBackground": false,
          "colorValue": false,
          "colors": [
            "rgba(50, 172, 45, 0.97)",
            "rgba(237, 129, 40, 0.89)",
            "rgba(245, 54, 54, 0.9)"
          ],
          "datasource": "${DS_HEAPSTER}",
          "format": "Bps",
          "gauge": {
            "maxValue": 1000,
            "minValue": 0,
            "show": false,
            "thresholdLabels": false,
            "thresholdMarkers": true
          },
          "id": 15,
          "interval": null,
          "links": [],
          "mappingType": 1,
          "mappingTypes": [
            {
              "name": "value to text",
              "value": 1
            },
            {
              "name": "range to text",
              "value": 2
            }
          ],
          "maxDataPoints": 100,
          "nullPointMode": "connected",
          "nullText": null,
          "postfix": "",
          "postfixFontSize": "50%",
          "prefix": "",
          "prefixFontSize": "50%",
          "rangeMaps": [
            {
              "from": "null",
              "text": "N/A",
              "to": "null"
            }
          ],
          "span": 2,
          "sparkline": {
            "fillColor": "rgba(31, 118, 189, 0.18)",
            "full": false,
            "lineColor": "rgb(31, 120, 193)",
            "show": true
          },
          "tableColumn": "",
          "targets": [
            {
              "dsType": "influxdb",
              "groupBy": [
                {
                  "params": [
                    "$__interval"
                  ],
                  "type": "time"
                },
                {
                  "params": [
                    "null"
                  ],
                  "type": "fill"
                }
              ],
              "measurement": "network/tx_rate",
              "orderByTime": "ASC",
              "policy": "default",
              "refId": "A",
              "resultFormat": "time_series",
              "select": [
                [
                  {
                    "params": [
                      "value"
                    ],
                    "type": "field"
                  },
                  {
                    "params": [],
                    "type": "mean"
                  }
                ]
              ],
              "tags": [
                {
                  "key": "type",
                  "operator": "=",
                  "value": "pod"
                },
                {
                  "condition": "AND",
                  "key": "namespace_name",
                  "operator": "=~",
                  "value": "/^$ns$/"
                },
                {
                  "condition": "AND",
                  "key": "pod_name",
                  "operator": "=~",
                  "value": "/^$name/"
                }
              ]
            }
          ],
          "thresholds": "",
          "title": "Network Tx Rate",
          "type": "singlestat",
          "valueFontSize": "80%",
          "valueMaps": [
            {
              "op": "=",
              "text": "N/A",
              "value": "null"
            }
          ],
          "valueName": "current"
        },
        {
          "cacheTimeout": null,
          "colorBackground": false,
          "colorValue": false,
          "colors": [
            "rgba(50, 172, 45, 0.97)",
            "rgba(237, 129, 40, 0.89)",
            "rgba(245, 54, 54, 0.9)"
          ],
          "datasource": "${DS_HEAPSTER}",
          "format": "Bps",
          "gauge": {
            "maxValue": 1000,
            "minValue": 0,
            "show": false,
            "thresholdLabels": false,
            "thresholdMarkers": true
          },
          "id": 16,
          "interval": null,
          "links": [],
          "mappingType": 1,
          "mappingTypes": [
            {
              "name": "value to text",
              "value": 1
            },
            {
              "name": "range to text",
              "value": 2
            }
          ],
          "maxDataPoints": 100,
          "nullPointMode": "connected",
          "nullText": null,
          "postfix": "",
          "postfixFontSize": "50%",
          "prefix": "",
          "prefixFontSize": "50%",
          "rangeMaps": [
            {
              "from": "null",
              "text": "N/A",
              "to": "null"
            }
          ],
          "span": 2,
          "sparkline": {
            "fillColor": "rgba(31, 118, 189, 0.18)",
            "full": false,
            "lineColor": "rgb(31, 120, 193)",
            "show": true
          },
          "tableColumn": "",
          "targets": [
            {
              "dsType": "influxdb",
              "groupBy": [
                {
                  "params": [
                    "$__interval"
                  ],
                  "type": "time"
                },
                {
                  "params": [
                    "null"
                  ],
                  "type": "fill"
                }
              ],
              "measurement": "network/rx_rate",
              "orderByTime": "ASC",
              "policy": "default",
              "refId": "A",
              "resultFormat": "time_series",
              "select": [
                [
                  {
                    "params": [
                      "value"
                    ],
                    "type": "field"
                  },
                  {
                    "params": [],
                    "type": "mean"
                  }
                ]
              ],
              "tags": [
                {
                  "key": "type",
                  "operator": "=",
                  "value": "pod"
                },
                {
                  "condition": "AND",
                  "key": "namespace_name",
                  "operator": "=~",
                  "value": "/^$ns$/"
                },
                {
                  "condition": "AND",
                  "key": "pod_name",
                  "operator": "=~",
                  "value": "/^$name/"
                }
              ]
            }
          ],
          "thresholds": "",
          "title": "Network Rx Rate",
          "type": "singlestat",
          "valueFontSize": "80%",
          "valueMaps": [
            {
              "op": "=",
              "text": "N/A",
              "value": "null"
            }
          ],
          "valueName": "current"
        }
      ],
      "repeat": null,
      "repeatIteration": null,
      "repeatRowId": null,
      "showTitle": false,
      "title": "Status",
      "titleSize": "h6"
    },
    {
      "collapse": false,
      "height": "140",
      "panels": [
        {
          "cacheTimeout": null,
          "colorBackground": false,
          "colorValue": false,
          "colors": [
            "rgba(245, 54, 54, 0.9)",
            "rgba(237, 129, 40, 0.89)",
            "rgba(50, 172, 45, 0.97)"
          ],
          "datasource": "${DS_HEAPSTER}",
          "format": "none",
          "gauge": {
            "maxValue": 100,
            "minValue": 0,
            "show": false,
            "thresholdLabels": false,
            "thresholdMarkers": true
          },
          "id": 7,
          "interval": null,
          "links": [],
          "mappingType": 1,
          "mappingTypes": [
            {
              "name": "value to text",
              "value": 1
            },
            {
              "name": "range to text",
              "value": 2
            }
          ],
          "maxDataPoints": 100,
          "nullPointMode": "connected",
          "nullText": null,
          "postfix": "",
          "postfixFontSize": "50%",
          "prefix": "",
          "prefixFontSize": "50%",
          "rangeMaps": [
            {
              "from": "null",
              "text": "N/A",
              "to": "null"
            }
          ],
          "span": 2,
          "sparkline": {
            "fillColor": "rgba(31, 118, 189, 0.18)",
            "full": false,
            "lineColor": "rgb(31, 120, 193)",
            "show": false
          },
          "tableColumn": "",
          "targets": [
            {
              "dsType": "influxdb",
              "groupBy": [
                {
                  "params": [
                    "$__interval"
                  ],
                  "type": "time"
                },
                {
                  "params": [
                    "null"
                  ],
                  "type": "fill"
                }
              ],
              "measurement": "cpu/limit",
              "orderByTime": "ASC",
              "policy": "default",
              "refId": "A",
              "resultFormat": "time_series",
              "select": [
                [
                  {
                    "params": [
                      "value"
                    ],
                    "type": "field"
                  },
                  {
                    "params": [],
                    "type": "mean"
                  }
                ]
              ],
              "tags": [
                {
                  "key": "type",
                  "operator": "=",
                  "value": "pod"
                },
                {
                  "condition": "AND",
                  "key": "namespace_name",
                  "operator": "=~",
                  "value": "/^$ns$/"
                },
                {
                  "condition": "AND",
                  "key": "pod_name",
                  "operator": "=~",
                  "value": "/^$name/"
                }
              ]
            }
          ],
          "thresholds": "",
          "title": "CPU Limit",
          "type": "singlestat",
          "valueFontSize": "80%",
          "valueMaps": [
            {
              "op": "=",
              "text": "N/A",
              "value": "null"
            }
          ],
          "valueName": "current"
        },
        {
          "cacheTimeout": null,
          "colorBackground": false,
          "colorValue": false,
          "colors": [
            "rgba(245, 54, 54, 0.9)",
            "rgba(237, 129, 40, 0.89)",
            "rgba(50, 172, 45, 0.97)"
          ],
          "datasource": "${DS_HEAPSTER}",
          "format": "none",
          "gauge": {
            "maxValue": 100,
            "minValue": 0,
            "show": false,
            "thresholdLabels": false,
            "thresholdMarkers": true
          },
          "id": 8,
          "interval": null,
          "links": [],
          "mappingType": 1,
          "mappingTypes": [
            {
              "name": "value to text",
              "value": 1
            },
            {
              "name": "range to text",
              "value": 2
            }
          ],
          "maxDataPoints": 100,
          "nullPointMode": "connected",
          "nullText": null,
          "postfix": "",
          "postfixFontSize": "50%",
          "prefix": "",
          "prefixFontSize": "50%",
          "rangeMaps": [
            {
              "from": "null",
              "text": "N/A",
              "to": "null"
            }
          ],
          "span": 2,
          "sparkline": {
            "fillColor": "rgba(31, 118, 189, 0.18)",
            "full": false,
            "lineColor": "rgb(31, 120, 193)",
            "show": false
          },
          "tableColumn": "",
          "targets": [
            {
              "dsType": "influxdb",
              "groupBy": [
                {
                  "params": [
                    "$__interval"
                  ],
                  "type": "time"
                },
                {
                  "params": [
                    "null"
                  ],
                  "type": "fill"
                }
              ],
              "measurement": "cpu/request",
              "orderByTime": "ASC",
              "policy": "default",
              "refId": "A",
              "resultFormat": "time_series",
              "select": [
                [
                  {
                    "params": [
                      "value"
                    ],
                    "type": "field"
                  },
                  {
                    "params": [],
                    "type": "mean"
                  }
                ]
              ],
              "tags": [
                {
                  "key": "type",
                  "operator": "=",
                  "value": "pod"
                },
                {
                  "condition": "AND",
                  "key": "namespace_name",
                  "operator": "=~",
                  "value": "/^$ns$/"
                },
                {
                  "condition": "AND",
                  "key": "pod_name",
                  "operator": "=~",
                  "value": "/^$name/"
                }
              ]
            }
          ],
          "thresholds": "",
          "title": "CPU Request",
          "type": "singlestat",
          "valueFontSize": "80%",
          "valueMaps": [
            {
              "op": "=",
              "text": "N/A",
              "value": "null"
            }
          ],
          "valueName": "current"
        },
        {
          "cacheTimeout": null,
          "colorBackground": false,
          "colorValue": false,
          "colors": [
            "rgba(245, 54, 54, 0.9)",
            "rgba(237, 129, 40, 0.89)",
            "rgba(50, 172, 45, 0.97)"
          ],
          "datasource": "${DS_HEAPSTER}",
          "format": "decbytes",
          "gauge": {
            "maxValue": 100,
            "minValue": 0,
            "show": false,
            "thresholdLabels": false,
            "thresholdMarkers": true
          },
          "id": 9,
          "interval": null,
          "links": [],
          "mappingType": 1,
          "mappingTypes": [
            {
              "name": "value to text",
              "value": 1
            },
            {
              "name": "range to text",
              "value": 2
            }
          ],
          "maxDataPoints": 100,
          "nullPointMode": "connected",
          "nullText": null,
          "postfix": "",
          "postfixFontSize": "50%",
          "prefix": "",
          "prefixFontSize": "50%",
          "rangeMaps": [
            {
              "from": "null",
              "text": "N/A",
              "to": "null"
            }
          ],
          "span": 2,
          "sparkline": {
            "fillColor": "rgba(31, 118, 189, 0.18)",
            "full": false,
            "lineColor": "rgb(31, 120, 193)",
            "show": false
          },
          "tableColumn": "",
          "targets": [
            {
              "dsType": "influxdb",
              "groupBy": [
                {
                  "params": [
                    "$__interval"
                  ],
                  "type": "time"
                },
                {
                  "params": [
                    "null"
                  ],
                  "type": "fill"
                }
              ],
              "measurement": "memory/limit",
              "orderByTime": "ASC",
              "policy": "default",
              "refId": "A",
              "resultFormat": "time_series",
              "select": [
                [
                  {
                    "params": [
                      "value"
                    ],
                    "type": "field"
                  },
                  {
                    "params": [],
                    "type": "mean"
                  }
                ]
              ],
              "tags": [
                {
                  "key": "type",
                  "operator": "=",
                  "value": "pod"
                },
                {
                  "condition": "AND",
                  "key": "namespace_name",
                  "operator": "=~",
                  "value": "/^$ns$/"
                },
                {
                  "condition": "AND",
                  "key": "pod_name",
                  "operator": "=~",
                  "value": "/^$name/"
                }
              ]
            }
          ],
          "thresholds": "",
          "title": "Memory Limit",
          "type": "singlestat",
          "valueFontSize": "80%",
          "valueMaps": [
            {
              "op": "=",
              "text": "N/A",
              "value": "null"
            }
          ],
          "valueName": "current"
        },
        {
          "cacheTimeout": null,
          "colorBackground": false,
          "colorValue": false,
          "colors": [
            "rgba(245, 54, 54, 0.9)",
            "rgba(237, 129, 40, 0.89)",
            "rgba(50, 172, 45, 0.97)"
          ],
          "datasource": "${DS_HEAPSTER}",
          "format": "decbytes",
          "gauge": {
            "maxValue": 100,
            "minValue": 0,
            "show": false,
            "thresholdLabels": false,
            "thresholdMarkers": true
          },
          "id": 10,
          "interval": null,
          "links": [],
          "mappingType": 1,
          "mappingTypes": [
            {
              "name": "value to text",
              "value": 1
            },
            {
              "name": "range to text",
              "value": 2
            }
          ],
          "maxDataPoints": 100,
          "nullPointMode": "connected",
          "nullText": null,
          "postfix": "",
          "postfixFontSize": "50%",
          "prefix": "",
          "prefixFontSize": "50%",
          "rangeMaps": [
            {
              "from": "null",
              "text": "N/A",
              "to": "null"
            }
          ],
          "span": 2,
          "sparkline": {
            "fillColor": "rgba(31, 118, 189, 0.18)",
            "full": false,
            "lineColor": "rgb(31, 120, 193)",
            "show": false
          },
          "tableColumn": "",
          "targets": [
            {
              "dsType": "influxdb",
              "groupBy": [
                {
                  "params": [
                    "$__interval"
                  ],
                  "type": "time"
                },
                {
                  "params": [
                    "null"
                  ],
                  "type": "fill"
                }
              ],
              "measurement": "memory/request",
              "orderByTime": "ASC",
              "policy": "default",
              "refId": "A",
              "resultFormat": "time_series",
              "select": [
                [
                  {
                    "params": [
                      "value"
                    ],
                    "type": "field"
                  },
                  {
                    "params": [],
                    "type": "mean"
                  }
                ]
              ],
              "tags": [
                {
                  "key": "type",
                  "operator": "=",
                  "value": "pod"
                },
                {
                  "condition": "AND",
                  "key": "namespace_name",
                  "operator": "=~",
                  "value": "/^$ns$/"
                },
                {
                  "condition": "AND",
                  "key": "pod_name",
                  "operator": "=~",
                  "value": "/^$name/"
                }
              ]
            }
          ],
          "thresholds": "",
          "title": "Memory Request",
          "type": "singlestat",
          "valueFontSize": "80%",
          "valueMaps": [
            {
              "op": "=",
              "text": "N/A",
              "value": "null"
            }
          ],
          "valueName": "current"
        }
      ],
      "repeat": null,
      "repeatIteration": null,
      "repeatRowId": null,
      "showTitle": true,
      "title": "Resource Limit and Request",
      "titleSize": "h6"
    },
    {
      "collapse": false,
      "height": "200",
      "panels": [
        {
          "aliasColors": {},
          "bars": false,
          "dashLength": 10,
          "dashes": false,
          "datasource": "${DS_HEAPSTER}",
          "fill": 1,
          "height": "",
          "id": 2,
          "interval": ">60s",
          "legend": {
            "avg": false,
            "current": false,
            "max": false,
            "min": false,
            "show": true,
            "total": false,
            "values": false
          },
          "lines": true,
          "linewidth": 1,
          "links": [],
          "nullPointMode": "null",
          "percentage": false,
          "pointradius": 5,
          "points": false,
          "renderer": "flot",
          "seriesOverrides": [],
          "spaceLength": 10,
          "span": 6,
          "stack": false,
          "steppedLine": false,
          "targets": [
            {
              "alias": "",
              "dsType": "influxdb",
              "groupBy": [
                {
                  "params": [
                    "$__interval"
                  ],
                  "type": "time"
                },
                {
                  "params": [
                    "null"
                  ],
                  "type": "fill"
                }
              ],
              "measurement": "cpu/usage_rate",
              "orderByTime": "ASC",
              "policy": "default",
              "query": "SELECT mean(\"value\") FROM \"cpu/usage_rate\" WHERE \"type\" = 'pod' AND \"labels\" =~ /k8s-app:fluentd-logging,/ AND $timeFilter GROUP BY time($__interval) fill(null)",
              "rawQuery": false,
              "refId": "A",
              "resultFormat": "time_series",
              "select": [
                [
                  {
                    "params": [
                      "value"
                    ],
                    "type": "field"
                  },
                  {
                    "params": [],
                    "type": "mean"
                  }
                ]
              ],
              "tags": [
                {
                  "key": "type",
                  "operator": "=",
                  "value": "pod"
                },
                {
                  "condition": "AND",
                  "key": "pod_name",
                  "operator": "=~",
                  "value": "/^$name/"
                },
                {
                  "condition": "AND",
                  "key": "namespace_name",
                  "operator": "=~",
                  "value": "/^$ns$/"
                }
              ]
            }
          ],
          "thresholds": [],
          "timeFrom": null,
          "timeShift": null,
          "title": "CPU Usage Rate",
          "tooltip": {
            "shared": true,
            "sort": 0,
            "value_type": "individual"
          },
          "type": "graph",
          "xaxis": {
            "buckets": null,
            "mode": "time",
            "name": null,
            "show": true,
            "values": []
          },
          "yaxes": [
            {
              "format": "none",
              "label": null,
              "logBase": 1,
              "max": null,
              "min": null,
              "show": true
            },
            {
              "format": "short",
              "label": null,
              "logBase": 1,
              "max": null,
              "min": null,
              "show": true
            }
          ]
        },
        {
          "aliasColors": {},
          "bars": false,
          "dashLength": 10,
          "dashes": false,
          "datasource": "${DS_HEAPSTER}",
          "fill": 1,
          "height": "",
          "id": 3,
          "interval": ">60s",
          "legend": {
            "avg": false,
            "current": false,
            "max": false,
            "min": false,
            "show": true,
            "total": false,
            "values": false
          },
          "lines": true,
          "linewidth": 1,
          "links": [],
          "nullPointMode": "null",
          "percentage": false,
          "pointradius": 5,
          "points": false,
          "renderer": "flot",
          "seriesOverrides": [],
          "spaceLength": 10,
          "span": 6,
          "stack": false,
          "steppedLine": false,
          "targets": [
            {
              "alias": "",
              "dsType": "influxdb",
              "groupBy": [
                {
                  "params": [
                    "$__interval"
                  ],
                  "type": "time"
                },
                {
                  "params": [
                    "null"
                  ],
                  "type": "fill"
                }
              ],
              "measurement": "memory/usage",
              "orderByTime": "ASC",
              "policy": "default",
              "query": "SELECT mean(\"value\") FROM \"memory/usage\" WHERE \"type\" = 'pod' AND \"labels\" =~ /k8s-app:fluentd-logging,/ AND $timeFilter GROUP BY time($__interval) fill(null)",
              "rawQuery": false,
              "refId": "A",
              "resultFormat": "time_series",
              "select": [
                [
                  {
                    "params": [
                      "value"
                    ],
                    "type": "field"
                  },
                  {
                    "params": [],
                    "type": "mean"
                  }
                ]
              ],
              "tags": [
                {
                  "key": "type",
                  "operator": "=",
                  "value": "pod"
                },
                {
                  "condition": "AND",
                  "key": "pod_name",
                  "operator": "=~",
                  "value": "/^$name/"
                },
                {
                  "condition": "AND",
                  "key": "namespace_name",
                  "operator": "=~",
                  "value": "/^$ns$/"
                }
              ]
            }
          ],
          "thresholds": [],
          "timeFrom": null,
          "timeShift": null,
          "title": "Memory Usage",
          "tooltip": {
            "shared": true,
            "sort": 0,
            "value_type": "individual"
          },
          "type": "graph",
          "xaxis": {
            "buckets": null,
            "mode": "time",
            "name": null,
            "show": true,
            "values": []
          },
          "yaxes": [
            {
              "format": "decbytes",
              "label": null,
              "logBase": 1,
              "max": null,
              "min": null,
              "show": true
            },
            {
              "format": "short",
              "label": null,
              "logBase": 1,
              "max": null,
              "min": null,
              "show": true
            }
          ]
        },
        {
          "aliasColors": {},
          "bars": false,
          "dashLength": 10,
          "dashes": false,
          "datasource": "${DS_HEAPSTER}",
          "fill": 1,
          "height": "",
          "id": 5,
          "interval": ">60s",
          "legend": {
            "avg": false,
            "current": false,
            "max": false,
            "min": false,
            "show": true,
            "total": false,
            "values": false
          },
          "lines": true,
          "linewidth": 1,
          "links": [],
          "nullPointMode": "null",
          "percentage": false,
          "pointradius": 5,
          "points": false,
          "renderer": "flot",
          "seriesOverrides": [],
          "spaceLength": 10,
          "span": 6,
          "stack": false,
          "steppedLine": false,
          "targets": [
            {
              "alias": "",
              "dsType": "influxdb",
              "groupBy": [
                {
                  "params": [
                    "$__interval"
                  ],
                  "type": "time"
                },
                {
                  "params": [
                    "null"
                  ],
                  "type": "fill"
                }
              ],
              "measurement": "network/rx_rate",
              "orderByTime": "ASC",
              "policy": "default",
              "query": "SELECT mean(\"value\") FROM \"network/rx_rate\" WHERE \"type\" = 'pod' AND \"labels\" =~ /k8s-app:fluentd-logging,/ AND $timeFilter GROUP BY time($__interval) fill(null)",
              "rawQuery": false,
              "refId": "A",
              "resultFormat": "time_series",
              "select": [
                [
                  {
                    "params": [
                      "value"
                    ],
                    "type": "field"
                  },
                  {
                    "params": [],
                    "type": "mean"
                  }
                ]
              ],
              "tags": [
                {
                  "key": "type",
                  "operator": "=",
                  "value": "pod"
                },
                {
                  "condition": "AND",
                  "key": "pod_name",
                  "operator": "=~",
                  "value": "/^$name/"
                },
                {
                  "condition": "AND",
                  "key": "namespace_name",
                  "operator": "=~",
                  "value": "/^$ns$/"
                }
              ]
            },
            {
              "alias": "",
              "dsType": "influxdb",
              "groupBy": [
                {
                  "params": [
                    "$__interval"
                  ],
                  "type": "time"
                },
                {
                  "params": [
                    "null"
                  ],
                  "type": "fill"
                }
              ],
              "measurement": "network/tx_rate",
              "orderByTime": "ASC",
              "policy": "default",
              "query": "SELECT mean(\"value\") FROM \"network/tx_rate\" WHERE \"type\" = 'pod' AND \"labels\" =~ /k8s-app:fluentd-logging,/ AND $timeFilter GROUP BY time($__interval) fill(null)",
              "rawQuery": false,
              "refId": "B",
              "resultFormat": "time_series",
              "select": [
                [
                  {
                    "params": [
                      "value"
                    ],
                    "type": "field"
                  },
                  {
                    "params": [],
                    "type": "mean"
                  }
                ]
              ],
              "tags": [
                {
                  "key": "type",
                  "operator": "=",
                  "value": "pod"
                },
                {
                  "condition": "AND",
                  "key": "pod_name",
                  "operator": "=~",
                  "value": "/^$name/"
                },
                {
                  "condition": "AND",
                  "key": "namespace_name",
                  "operator": "=~",
                  "value": "/^$ns$/"
                }
              ]
            }
          ],
          "thresholds": [],
          "timeFrom": null,
          "timeShift": null,
          "title": "Network",
          "tooltip": {
            "shared": true,
            "sort": 0,
            "value_type": "individual"
          },
          "type": "graph",
          "xaxis": {
            "buckets": null,
            "mode": "time",
            "name": null,
            "show": true,
            "values": []
          },
          "yaxes": [
            {
              "format": "Bps",
              "label": null,
              "logBase": 1,
              "max": null,
              "min": null,
              "show": true
            },
            {
              "format": "short",
              "label": null,
              "logBase": 1,
              "max": null,
              "min": null,
              "show": true
            }
          ]
        },
        {
          "aliasColors": {},
          "bars": false,
          "dashLength": 10,
          "dashes": false,
          "datasource": "${DS_HEAPSTER}",
          "fill": 1,
          "height": "",
          "id": 4,
          "interval": ">60s",
          "legend": {
            "avg": false,
            "current": false,
            "max": false,
            "min": false,
            "show": true,
            "total": false,
            "values": false
          },
          "lines": true,
          "linewidth": 1,
          "links": [],
          "nullPointMode": "null",
          "percentage": false,
          "pointradius": 5,
          "points": false,
          "renderer": "flot",
          "seriesOverrides": [],
          "spaceLength": 10,
          "span": 6,
          "stack": false,
          "steppedLine": false,
          "targets": [
            {
              "alias": "",
              "dsType": "influxdb",
              "groupBy": [
                {
                  "params": [
                    "$__interval"
                  ],
                  "type": "time"
                },
                {
                  "params": [
                    "null"
                  ],
                  "type": "fill"
                }
              ],
              "measurement": "uptime",
              "orderByTime": "ASC",
              "policy": "default",
              "query": "SELECT mean(\"value\") FROM \"uptime\" WHERE \"type\" = 'pod' AND \"labels\" =~ /k8s-app:fluentd-logging,/ AND $timeFilter GROUP BY time($__interval) fill(null)",
              "rawQuery": false,
              "refId": "A",
              "resultFormat": "time_series",
              "select": [
                [
                  {
                    "params": [
                      "value"
                    ],
                    "type": "field"
                  },
                  {
                    "params": [],
                    "type": "mean"
                  }
                ]
              ],
              "tags": [
                {
                  "key": "type",
                  "operator": "=",
                  "value": "pod"
                },
                {
                  "condition": "AND",
                  "key": "pod_name",
                  "operator": "=~",
                  "value": "/^$name/"
                },
                {
                  "condition": "AND",
                  "key": "namespace_name",
                  "operator": "=~",
                  "value": "/^$ns$/"
                }
              ]
            }
          ],
          "thresholds": [],
          "timeFrom": null,
          "timeShift": null,
          "title": "Uptime",
          "tooltip": {
            "shared": true,
            "sort": 0,
            "value_type": "individual"
          },
          "type": "graph",
          "xaxis": {
            "buckets": null,
            "mode": "time",
            "name": null,
            "show": true,
            "values": []
          },
          "yaxes": [
            {
              "format": "ms",
              "label": null,
              "logBase": 1,
              "max": null,
              "min": null,
              "show": true
            },
            {
              "format": "short",
              "label": null,
              "logBase": 1,
              "max": null,
              "min": null,
              "show": true
            }
          ]
        }
      ],
      "repeat": null,
      "repeatIteration": null,
      "repeatRowId": null,
      "showTitle": true,
      "title": "History",
      "titleSize": "h6"
    }
  ],
  "schemaVersion": 14,
  "style": "dark",
  "tags": [
    "pod",
    "kubernetes",
    "heapster",
    "influxdb"
  ],
  "templating": {
    "list": [
      {
        "allValue": null,
        "current": {},
        "datasource": "${DS_HEAPSTER}",
        "hide": 0,
        "includeAll": false,
        "label": "namespace",
        "multi": false,
        "name": "ns",
        "options": [],
        "query": "SHOW TAG VALUES FROM \"uptime\" WITH KEY=namespace_name",
        "refresh": 1,
        "regex": "",
        "sort": 0,
        "tagValuesQuery": "",
        "tags": [],
        "tagsQuery": "",
        "type": "query",
        "useTags": false
      },
      {
        "allValue": null,
        "current": {},
        "datasource": "${DS_HEAPSTER}",
        "hide": 0,
        "includeAll": false,
        "label": "pod_name",
        "multi": false,
        "name": "name",
        "options": [],
        "query": "SHOW TAG VALUES FROM \"uptime\" WITH KEY=pod_name WHERE \"namespace_name\"='$ns'",
        "refresh": 1,
        "regex": "/^(.*)-\\d{9,}-\\w{5,}$/",
        "sort": 0,
        "tagValuesQuery": "",
        "tags": [],
        "tagsQuery": "",
        "type": "query",
        "useTags": false
      }
    ]
  },
  "time": {
    "from": "now-1h",
    "to": "now"
  },
  "timepicker": {
    "refresh_intervals": [
      "5s",
      "10s",
      "30s",
      "1m",
      "5m",
      "15m",
      "30m",
      "1h",
      "2h",
      "1d"
    ],
    "time_options": [
      "5m",
      "15m",
      "1h",
      "6h",
      "12h",
      "24h",
      "2d",
      "7d",
      "30d"
    ]
  },
  "timezone": "browser",
  "title": "Kubernetes Pod Statistics ( via Heapster and Influxdb )",
  "version": 57,
  "description": "Kubernetes Pod Statistics  via Heapster and Influxdb"
}